dish_name,qty,revenue
Ginger Tea,690323,10511982.0
Regular Tea,293910,4480809.0
Reboot Chai,182819,2814630.0
Bombay Cutting Chai (Cutting Glass),140179,2161860.0
Filter Kaapi,137151,2502899.0
Veg Meal Combo,113262,6274795.0
Irani Chai,107004,2192166.0
Monday Morning Tea,98423,1524025.0
Nescafe,97223,1490049.0
Masala Dosa,92491,4098450.0
Samosa,91577,2021799.0
Indian Thali Veg Combo,90868,4624445.0
Bombay Cutting Tea (Cutting Glass),88578,1328670.0
Veg Meal,83284,6453501.0
Tandoor Veg Combo,69624,7315830.0
Veg Combo,56940,3485515.0
Bun Maska,54326,1351121.0
Veg Thali,50496,4538680.0
Veg Puff,48287,1239971.0
Dahi Puri,48185,1825352.0
Regular Cut Fruits,46461,2360255.0
Butter Milk,45283,1311999.0
Bhel Puri,42430,1863830.0
Indian Thali Veg,42302,3198480.0
Medu Vada,42114,1710495.0
